Artist,Album,Released,Genre,Total certified copies,Claimed sales
Michael Jackson,Thriller,1982,"Pop, post-disco, funk, rock",51.2,70.0
AC/DC,Back in Black,1980,Hard rock,30.1,50.0
Whitney Houston / various artists,The Bodyguard,1992,"R&B, soul, pop, soundtrack",28.7,45.0
Pink Floyd,The Dark Side of the Moon,1973,Progressive rock,24.8,45.0
Eagles,Their Greatest Hits (1971â€“1975),1976,"Country rock, soft rock, folk rock",41.2,44.0
Meat Loaf,Bat Out of Hell,1977,"Hard rock, glam rock, progressive rock",22.0,43.0
Eagles,Hotel California,1976,Soft rock,31.8,42.0
Shania Twain,Come On Over,1997,"Country, pop",30.4,40.0
Fleetwood Mac,Rumours,1977,Soft rock,30.3,40.0
Bee Gees / Various artists,Saturday Night Fever,1977,Disco,22.1,40.0
Led Zeppelin,Led Zeppelin IV,1971,"Hard rock, heavy metal, folk rock",30.4,37.0
Michael Jackson,Bad,1987,"Pop, R&B, funk, rock",21.2,35.0
Alanis Morissette,Jagged Little Pill,1995,Alternative rock,26.4,33.0
Various artists,Dirty Dancing,1987,"Pop, rock, R&B",24.1,32.0
Celine Dion,Falling into You,1996,"Pop, soft rock",21.1,32.0
Adele,21,2011,"Pop, soul",27.4,31.0
The Beatles,1,2000,Rock,23.2,31.0
Metallica,Metallica,1991,Heavy metal,22.7,31.0
Celine Dion,Let's Talk About Love,1997,"Pop, soft rock",20.5,31.0
Bob Marley and the Wailers,Legend: The Best of Bob Marley & The Wailers,1984,Reggae,22.9,30.0
Guns N' Roses,Appetite for Destruction,1987,Hard rock,22.8,30.0
Bruce Springsteen,Born in the U.S.A.,1984,Heartland rock,22.0,30.0
ABBA,Gold: Greatest Hits,1992,"Pop, disco",21.6,30.0
Dire Straits,Brothers in Arms,1985,"Roots rock, blues rock, soft rock",21.1,30.0
Madonna,The Immaculate Collection,1990,"Pop, dance",20.8,30.0
Santana,Supernatural,1999,Latin rock,20.8,30.0
Britney Spears,...Baby One More Time,1999,Pop,20.1,30.0
Pink Floyd,The Wall,1979,Progressive rock,18.9,30.0
The Beatles,Sgt. Pepper's Lonely Hearts Club Band,1967,Rock,18.3,30.0
Michael Jackson,Dangerous,1991,"New jack swing, R&B, pop",17.0,30.0
The Beatles,Abbey Road,1969,Rock,16.9,30.0
Norah Jones,Come Away with Me,2002,Jazz,19.9,28.0
Mariah Carey,Music Box,1993,"Pop, R&B",17.8,28.0
Various artists,Grease: The Original Soundtrack from the Motion Picture,1978,Rock and roll,15.0,28.0
Eminem,The Eminem Show,2002,Hip hop,19.1,27.0
James Horner,Titanic: Music from the Motion Picture,1997,Film score,18.1,27.0
Nirvana,Nevermind,1991,"Grunge, alternative rock",17.8,26.0
Eric Clapton,Unplugged,1992,"Acoustic rock, acoustic blues",17.0,26.0
Queen,Greatest Hits,1981,Rock,20.6,25.0
Phil Collins,No Jacket Required,1985,Pop rock,17.7,25.0
Whitney Houston,Whitney Houston,1985,"Pop, R&B",17.6,25.0
Eminem,The Marshall Mathers LP,2000,Hip hop,17.5,25.0
Linkin Park,Hybrid Theory,2000,"Nu metal, rap metal, alternative metal",17.2,25.0
U2,The Joshua Tree,1987,Rock,16.7,25.0
Prince and The Revolution,Purple Rain,1984,"Pop rock, new wave, R&B",15.7,25.0
Bon Jovi,Slippery When Wet,1986,"Hard rock, glam metal",15.3,25.0
Carole King,Tapestry,1971,Pop,15.1,25.0
Madonna,True Blue,1986,"Pop, dance",14.5,25.0
Simon & Garfunkel,Bridge over Troubled Water,1970,Folk rock,12.5,25.0
George Michael,Faith,1987,"Pop, R&B, funk, soul",13.9,25.0
Elton John,Greatest Hits,1974,Pop,19.1,24.0
Backstreet Boys,Millennium,1999,Pop,18.4,24.0
Adele,25,2015,"Soul, pop, R&B",19.0,23.0
Spice Girls,Spice,1996,Pop,16.4,23.0
Ace of Base,Happy Nation/The Sign,1993,Pop,14.4,23.0
Michael Jackson,"HIStory: Past, Present and Future, Book I",1995,"R&B, pop, hip hop",15.2,22.0
Celine Dion,All the Way... A Decade of Song,1999,Pop,14.4,22.0
Madonna,Like a Virgin,1984,"Pop, dance",16.2,21.0
Bon Jovi,Cross Road,1994,"Hard rock, glam metal",11.6,21.0
Hootie & the Blowfish,Cracked Rear View,1994,"Roots rock, heartland rock",22.2,20.0
Elvis Presley,Elvis' Christmas Album,1957,"Christmas, pop, gospel, rock and roll",20.8,20.0
Boston,Boston,1976,"Arena rock, hard rock",18.1,20.0
Mariah Carey,Daydream,1995,"Pop, R&B",15.2,20.0
Green Day,Dookie,1994,"Pop punk, punk rock, alternative rock",14.6,20.0
Whitney Houston,Whitney,1987,"Pop, R&B",14.5,20.0
Shania Twain,The Woman in Me,1995,"Country, pop",14.5,20.0
Britney Spears,Oops!... I Did It Again,2000,Pop,14.4,20.0
Def Leppard,Hysteria,1987,"Hard rock, glam metal",13.9,20.0
Lauryn Hill,The Miseducation of Lauryn Hill,1998,"Neo Soul, R&B, Hip Hop",13.7,20.0
Tracy Chapman,Tracy Chapman,1988,Folk rock,13.3,20.0
Lionel Richie,Can't Slow Down,1983,"Pop, R&B, soul",12.3,20.0
Michael Jackson,Off the Wall,1979,"Disco, pop, funk, R&B",11.7,20.0
Fugees,The Score,1996,Alternative hip hop,11.6,20.0
Oasis,(What's the Story) Morning Glory?,1995,"Britpop, rock",11.6,22.0
Celine Dion,The Colour of My Love,1993,Pop,11.1,20.0
Elton John,Goodbye Yellow Brick Road,1973,"rock, pop rock, glam rock",9.6,20.0
Pink Floyd,Wish You Were Here,1975,"Progressive rock, art rock, experimental rock",9.2,20.0
Various artists,Flashdance: Original Soundtrack from the Motion Picture,1983,"Electro, synthpop",7.9,20.0
